﻿{
  [
  "1": {
    "id": "1",
    "name": "Bulbasaur"
  },
  "2": {
    "id": "2",
    "name": "Ivysaur"
  },
  "3": {
    "id": "3",
    "name": "Venasaur"
  },
  "4": {
    "id": "4",
    "name": "Charmander"
  },
  "5": {
    "id": "5",
    "name": "Charmeleon"
  },
  "6": {
    "id": "6",
    "name": "Charizard"
  },
  "7": {
    "id": "7",
    "name": "Squirtle"
  },
  "8": {
    "id": "8",
    "name": "Wartortle"
  },
  "9": {
    "id": "9",
    "name": "Blastoise"
  },
  "10": {
    "id": "10",
    "name": "Caterpie"
  },
  "11": {
    "id": "11",
    "name": "Metapod"
  },
  "12": {
    "id": "12",
    "name": "Butterfree"
  },
  "13": {
    "id": "13",
    "name": "Weedle"
  },
  "14": {
    "id": "14",
    "name": "Kakuna"
  },
  "15": {
    "id": "15",
    "name": "Beedrill"
  },
  "16": {
    "id": "16",
    "name": "Pidgey"
  },
  "17": {
    "id": "17",
    "name": "Pidgeotto"
  },
  "18": {
    "id": "18",
    "name": "Pidgeot"
  },
  "19": {
    "id": "19",
    "name": "Rattata"
  },
  "20": {
    "id": "20",
    "name": "Raticate"
  },
  "21": {
    "id": "21",
    "name": "Spearow"
  },
  "22": {
    "id": "22",
    "name": "Fearow"
  },
  "23": {
    "id": "23",
    "name": "Ekans"
  },
  "24": {
    "id": "24",
    "name": "Arbok"
  },
  "25": {
    "id": "25",
    "name": "Pikachu"
  },
  "26": {
    "id": "26",
    "name": "Raichu"
  },
  "27": {
    "id": "27",
    "name": "Sandshrew"
  },
  "28": {
    "id": "28",
    "name": "Sandslash"
  },
  "29": {
    "id": "29",
    "name": "NidoranG"
  },
  "30": {
    "id": "30",
    "name": "Nidorina"
  },
  "31": {
    "id": "31",
    "name": "Nidoqueen"
  },
  "32": {
    "id": "32",
    "name": "NidoranB"
  },
  "33": {
    "id": "33",
    "name": "Nidorino"
  },
  "34": {
    "id": "34",
    "name": "Nidoking"
  },
  "35": {
    "id": "35",
    "name": "Clefairy"
  },
  "36": {
    "id": "36",
    "name": "Clefable"
  },
  "37": {
    "id": "37",
    "name": "Vulpix"
  },
  "38": {
    "id": "38",
    "name": "Ninetales"
  },
  "39": {
    "id": "39",
    "name": "Jigglypuff"
  },
  "40": {
    "id": "40",
    "name": "Wigglytuff"
  },
  "41": {
    "id": "41",
    "name": "Zubat"
  },
  "42": {
    "id": "42",
    "name": "Golbat"
  },
  "43": {
    "id": "43",
    "name": "Oddish"
  },
  "44": {
    "id": "44",
    "name": "Gloom"
  },
  "45": {
    "id": "45",
    "name": "Vileplume"
  },
  "46": {
    "id": "46",
    "name": "Paras"
  },
  "47": {
    "id": "47",
    "name": "Parasect"
  },
  "48": {
    "id": "48",
    "name": "Venonat"
  },
  "49": {
    "id": "49",
    "name": "Venomoth"
  },
  "50": {
    "id": "50",
    "name": "Diglett"
  },
  "51": {
    "id": "51",
    "name": "Dugtrio"
  },
  "52": {
    "id": "52",
    "name": "Meowth"
  },
  "53": {
    "id": "53",
    "name": "Persian"
  },
  "54": {
    "id": "54",
    "name": "Psyduck"
  },
  "55": {
    "id": "55",
    "name": "Golduck"
  },
  "56": {
    "id": "56",
    "name": "Mankey"
  },
  "57": {
    "id": "57",
    "name": "Primeape"
  },
  "58": {
    "id": "58",
    "name": "Growlithe"
  },
  "59": {
    "id": "59",
    "name": "Arcanine"
  },
  "60": {
    "id": "60",
    "name": "Poliwag"
  },
  "61": {
    "id": "61",
    "name": "Poliwhirl"
  },
  "62": {
    "id": "62",
    "name": "Poliwrath"
  },
  "63": {
    "id": "63",
    "name": "Abra"
  },
  "64": {
    "id": "64",
    "name": "Kadabra"
  },
  "65": {
    "id": "65",
    "name": "Alakazam"
  },
  "66": {
    "id": "66",
    "name": "Machop"
  },
  "67": {
    "id": "67",
    "name": "Machoke"
  },
  "68": {
    "id": "68",
    "name": "Machamp"
  },
  "69": {
    "id": "69",
    "name": "Bellsprout"
  },
  "70": {
    "id": "70",
    "name": "Weepinbell"
  },
  "71": {
    "id": "71",
    "name": "Victreebel"
  },
  "72": {
    "id": "72",
    "name": "Tentacool"
  },
  "73": {
    "id": "73",
    "name": "Tentacruel"
  },
  "74": {
    "id": "74",
    "name": "Geodude"
  },
  "75": {
    "id": "75",
    "name": "Graveler"
  },
  "76": {
    "id": "76",
    "name": "Golem"
  },
  "77": {
    "id": "77",
    "name": "Ponyta"
  },
  "78": {
    "id": "78",
    "name": "Rapidash"
  },
  "79": {
    "id": "79",
    "name": "Slowpoke"
  },
  "80": {
    "id": "80",
    "name": "Slowbro"
  },
  "81": {
    "id": "81",
    "name": "Magnemite"
  },
  "82": {
    "id": "82",
    "name": "Magneton"
  },
  "83": {
    "id": "83",
    "name": "Farfetch'd"
  },
  "84": {
    "id": "84",
    "name": "|Dodou"
  },
  "85": {
    "id": "85",
    "name": "Dodrio"
  },
  "86": {
    "id": "86",
    "name": "Seel"
  },
  "87": {
    "id": "87",
    "name": "Dewgong"
  },
  "88": {
    "id": "88",
    "name": "Grimer"
  },
  "89": {
    "id": "89",
    "name": "Muk"
  },
  "90": {
    "id": "90",
    "name": "Shellder"
  },
  "91": {
    "id": "91",
    "name": "Cloyster"
  },
  "92": {
    "id": "92",
    "name": "Gastly"
  },
  "93": {
    "id": "93",
    "name": "Haunter"
  },
  "94": {
    "id": "94",
    "name": "Gengar"
  },
  "95": {
    "id": "95",
    "name": "Onix"
  },
  "96": {
    "id": "96",
    "name": "Drowzee"
  },
  "97": {
    "id": "97",
    "name": "Hypno"
  },
  "98": {
    "id": "98",
    "name": "Krabby"
  },
  "99": {
    "id": "99",
    "name": "Kingler"
  },
  "100": {
    "id": "100",
    "name": "Voltorb"
  },
  "101": {
    "id": "101",
    "name": "Electrode"
  },
  "102": {
    "id": "102",
    "name": "Exeggcute"
  },
  "103": {
    "id": "103",
    "name": "Exeggutor"
  },
  "104": {
    "id": "104",
    "name": "Cubone"
  },
  "105": {
    "id": "105",
    "name": "Marowak"
  },
  "106": {
    "id": "106",
    "name": "Hitmonlee"
  },
  "107": {
    "id": "107",
    "name": "Hitmonchan"
  },
  "108": {
    "id": "108",
    "name": "Lickitung"
  },
  "109": {
    "id": "109",
    "name": "Koffing"
  },
  "110": {
    "id": "110",
    "name": "Weezing"
  },
  "111": {
    "id": "111",
    "name": "Rhyhorn"
  },
  "112": {
    "id": "112",
    "name": "Rhydon"
  },
  "113": {
    "id": "113",
    "name": "Chansey"
  },
  "114": {
    "id": "114",
    "name": "Tangela"
  },
  "115": {
    "id": "115",
    "name": "Kangaskhan"
  },
  "116": {
    "id": "116",
    "name": "Horsea"
  },
  "117": {
    "id": "117",
    "name": "Seadra"
  },
  "118": {
    "id": "118",
    "name": "Goldeen"
  },
  "119": {
    "id": "119",
    "name": "Seaking"
  },
  "120": {
    "id": "120",
    "name": "Staryu"
  },
  "121": {
    "id": "121",
    "name": "Starmie"
  },
  "122": {
    "id": "122",
    "name": "Mr. Mime"
  },
  "123": {
    "id": "123",
    "name": "Scyther"
  },
  "124": {
    "id": "124",
    "name": "Jynx"
  },
  "125": {
    "id": "125",
    "name": "Electrabuzz"
  },
  "126": {
    "id": "126",
    "name": "Magmar"
  },
  "127": {
    "id": "127",
    "name": "Pinsir"
  },
  "128": {
    "id": "128",
    "name": "Tauros"
  },
  "129": {
    "id": "129",
    "name": "Magikarp"
  },
  "130": {
    "id": "130",
    "name": "Gyarados"
  },
  "131": {
    "id": "131",
    "name": "Lapras"
  },
  "132": {
    "id": "132",
    "name": "Ditto"
  },
  "133": {
    "id": "133",
    "name": "Eevee"
  },
  "134": {
    "id": "134",
    "name": "Vaporeon"
  },
  "135": {
    "id": "135",
    "name": "Jolteon"
  },
  "136": {
    "id": "136",
    "name": "Flareon"
  },
  "137": {
    "id": "137",
    "name": "Porygon"
  },
  "138": {
    "id": "138",
    "name": "Omanyte"
  },
  "139": {
    "id": "139",
    "name": "Omastar"
  },
  "140": {
    "id": "140",
    "name": "Kabuto"
  },
  "141": {
    "id": "141",
    "name": "Kabutops"
  },
  "142": {
    "id": "142",
    "name": "Aerodactyl"
  },
  "143": {
    "id": "143",
    "name": "Snorlax"
  },
  "144": {
    "id": "144",
    "name": "Articuno"
  },
  "145": {
    "id": "145",
    "name": "Zapdos"
  },
  "146": {
    "id": "146",
    "name": "Moltres"
  },
  "147": {
    "id": "147",
    "name": "Dratini"
  },
  "148": {
    "id": "148",
    "name": "Dragonair"
  },
  "149": {
    "id": "149",
    "name": "Dragonite"
  },
  "150": {
    "id": "150",
    "name": "Mewtwo"
  },
  "151": {
    "id": "151",
    "name": "Mew"
  }
  ]
}